1 byte character	1
absorptivity	2
acierage	3
adjutant general	4
afterlight	5
alcoholisation	6
altar boy	7
ampullae	8
anecdotical	9
anteposition	10
antitype	11
apraxia	12
array processor	13
assumingly	14
augmented	15
avalanche current	16
backward	17
barge	18
beavertail antenna	19
beta blocker	20
bipartisan	21
blindness	22
bolt	23
boycott	24
broadbrim	25
bunk	26
caduceus	27
canopy	28
carrier system	29
caveat	30
champion	31
chickling	32
chucklingly	33
clarification	34
cloy	35
cogitable	36
comity	37
compound device	38
concurrence	39
consciousness	40
contravener	41
corn flower	42
counter intuitive	43
crawling	44
crowbar circuit	45
currant wine	46
daffiness	47
dc1 4	48
decolor	49
deliberate	50
deportee	51
deuterate	52
dielectric constant	53
direct access file	54
disinvestment	55
diversify	56
dorsiferous	57
dresden	58
duplex transmission	59
echelon	60
eighteeth	61
electronic music instruments	62
emissivity	63
endue	64
enunciatively	65
equivalent inductance	66
ethnarch	67
excellently	68
expiable	69
eyelash	70
fardel	71
female receptacle	72
fifth	73
first string	74
fleury	75
flying tackle	76
foresightedness	77
framing error	78
frontpage	79
fyord	80
gas pipe	81
geochemistry	82
glass ware	83
goloshes	84
grape sugar	85
grooviness	86
guttering	87
hammy	88
haze	89
hen coop	90
highflying	91
homicide	92
house martin	93
hydrotropic	94
identification card	95
immortality	96
in and outer	97
incorporator	98
inefficacy	99
iniquity	100
instructress	101
internship	102
invigorate	103
isopodan	104
jitsu	105
kaolin	106
knavishly	107
laisser faire	108
launching ways	109
leptotene	110
limber	111
lobbying	112
lossless	113
lycanthropy	114
majority leader	115
maraboutism	116
maturity	117
memorisation	118
micra	119
miscreation	120
moniker	121
mourning	122
myrtaceous	123
negus	124
nobleness	125
nowise	126
obtuseness	127
of the day	128
omphalodium	129
optic nerve	130
oscillography	131
outsworn	132
overtop	133
palaeogeography	134
papoosh	135
parrotry	136
pay box	137
penholder	138
periwigged	139
pharmaco	140
phrenalgia	141
piratic	142
play act	143
pock	144
polymerism	145
postcard	146
precipitateness	147
presidency	148
privilege	149
prompter	150
provender	151
puffily	152
pyedog	153
queue jump	154
raffishness	155
re embark	156
rectitis	157
regulated	158
repossess	159
retinoscope	160
riding light	161
roman numerals	162
rugby union	163
saddle bow	164
sanitise	165
scarabaeid	166
scrappiness	167
second floor	168
self inflamable	169
separation	170
shaft	171
shoe lace	172
sign language	173
skald	174
slojd	175
snippiness	176
solidifiable	177
space station	178
spiderlike	179
sprainting	180
stall holder	181
stellulate	182
stomodaeum	183
stringiness	184
subgrading	185
suggest	186
supervence	187
swell fish	188
systemless	189
tasselled	190
tenderize	191
thermionic tube	192
tiling	193
ton up boys	194
trading estate	195
tree like	196
trommel	197
turn out	198
ultrasonography	199
unbuckle	200
undefiled	201
uneffaced	202
unharmful	203
unmagnified	204
unpublicized	205
unsociability	206
unworthy	207
vamper	208
verisimilitude	209
vip	210
vulgarisation	211
water head	212
welshwoman	213
windless	214
would	215
zoologist	216
